1,41,52,21.91,22
1,41,53,21.91,22
1,41,54,21.91,22
1,41,56,21.91,22
1,41,57,21.91,22
1,41,59,21.91,22
1,42,0,21.91,22
1,42,2,21.92,22
1,42,3,21.92,22
1,42,4,21.92,22
1,42,5,21.92,22
1,42,6,21.92,22
1,42,7,21.92,22
1,42,9,21.92,22
1,42,10,21.92,22
1,42,11,21.92,22
1,42,12,21.92,22
1,42,13,21.92,22
1,42,14,21.92,22
1,42,16,21.92,22
1,42,17,21.92,22
1,42,18,21.92,22
1,42,19,21.92,22
1,42,20,21.92,22
1,42,22,21.92,22
1,42,23,21.92,22
1,42,24,21.92,22
1,42,25,21.92,22
1,42,26,21.92,22
1,42,27,21.92,22
1,42,29,21.92,22
1,42,30,21.92,22
1,42,31,21.92,22
1,42,32,21.92,22
1,42,33,21.92,22
1,42,34,21.92,22
1,42,36,21.92,22
1,42,37,21.92,22
1,42,38,21.92,22
1,42,39,21.92,22
1,42,40,21.92,22
1,42,41,21.92,22
1,42,43,21.92,22
1,42,44,21.92,22
1,42,45,21.92,22
1,42,46,21.92,22
1,42,47,21.92,22
1,42,49,21.92,22
1,42,50,21.92,22
1,42,51,21.92,22
1,42,52,21.92,22
1,42,53,21.93,22
1,42,55,21.93,22
1,42,57,21.94,95
1,42,58,22.05,95
1,42,59,22.36,95
1,43,0,22.9,95
1,43,2,23.65,95
1,43,3,24.58,95
1,43,4,25.54,95
1,43,5,26.69,95
1,43,6,27.9,95
1,43,8,29.16,95
1,43,9,30.39,95
1,43,10,31.69,95
1,43,11,33.01,95
1,43,12,34.27,95
1,43,14,35.59,95
1,43,15,36.89,95
1,43,16,38.13,95
1,43,17,39.4,95
1,43,18,40.61,95
1,43,19,41.86,95
1,43,21,43.1,95
1,43,22,44.27,95
1,43,23,45.48,95
1,43,24,46.67,95
1,43,25,47.8,95
1,43,27,48.96,95
1,43,28,50.01,95
1,43,29,51.08,95
1,43,30,52.18,95
1,43,31,53.28,95
1,43,32,54.31,95
1,43,34,55.36,95
1,43,35,56.41,95
1,43,36,57.39,95
1,43,37,58.4,95
1,43,38,59.4,95
1,43,40,60.34,95
1,43,41,61.3,95
1,43,42,62.26,95
1,43,43,63.2,95
1,43,44,64.12,95
1,43,46,65.04,95
1,43,47,65.89,95
1,43,48,66.74,95
1,43,49,67.62,95
1,43,50,68.44,95
1,43,51,69.26,95
1,43,53,70.09,95
1,43,54,70.89,95
1,43,55,71.67,95
1,43,56,72.47,95
1,43,57,73.23,95
1,43,58,73.97,95
1,44,0,74.74,95
1,44,1,75.5,95
1,44,2,76.24,95
1,44,3,76.95,95
1,44,4,77.64,95
1,44,6,78.32,95
1,44,7,78.99,95
1,44,8,79.69,95
1,44,9,80.37,95
1,44,10,81.02,95
1,44,11,81.68,95
1,44,13,82.3,95
1,44,14,82.94,95
1,44,15,83.55,95
1,44,16,84.17,95
1,44,17,84.78,95
1,44,19,85.4,95
1,44,20,85.99,95
1,44,21,86.58,95
1,44,22,87.17,95
1,44,23,87.71,95
1,44,25,88.27,95
1,44,26,88.81,95
1,44,27,89.31,95
1,44,28,89.85,95
1,44,29,90.37,95
1,44,30,90.87,95
1,44,31,91.34,95
1,44,33,91.82,95
1,44,34,92.21,95
1,44,35,92.54,95
1,44,36,92.82,95
1,44,37,93.03,95
1,44,39,93.19,95
1,44,40,93.31,95
1,44,41,93.39,95
1,44,42,93.44,95
1,44,43,93.46,95
1,44,44,93.47,95
1,44,46,93.46,95
1,44,47,93.44,95
1,44,48,93.43,95
1,44,49,93.41,95
1,44,50,93.4,95
1,44,52,93.38,95
1,44,53,93.38,95
1,44,54,93.38,95
1,44,55,93.38,95
1,44,56,93.4,95
1,44,58,93.41,95
1,44,59,93.43,95
1,45,0,93.46,95
1,45,1,93.48,95
1,45,2,93.52,95
1,45,3,93.55,95
1,45,5,93.59,95
1,45,6,93.62,95
1,45,7,93.66,95
1,45,8,93.7,95
1,45,9,93.74,95
1,45,11,93.77,95
1,45,12,93.81,95
1,45,13,93.84,95
1,45,14,93.87,95
1,45,15,93.9,95
1,45,17,93.93,95
1,45,18,93.96,95
1,45,19,93.99,95
1,45,20,94.01,95
1,45,22,94.03,95
1,45,23,94.06,95
1,45,24,94.08,95
1,45,25,94.1,95
1,45,26,94.12,95
1,45,27,94.14,95
1,45,29,94.16,95
1,45,30,94.18,95
1,45,31,94.2,95
1,45,32,94.22,95
1,45,33,94.23,95
1,45,35,94.25,95
1,45,36,94.27,95
1,45,37,94.29,95
1,45,38,94.3,95
1,45,39,94.32,95
1,45,40,94.34,95
1,45,42,94.35,95
1,45,43,94.37,95
1,45,44,94.38,95
1,45,45,94.4,95
1,45,46,94.42,95
1,45,48,94.44,95
1,45,49,94.45,95
1,45,50,94.46,95
1,45,51,94.47,95
1,45,52,94.49,95
1,45,54,94.5,95
1,45,55,94.51,95
1,45,56,94.53,95
1,45,57,94.54,95
1,45,58,94.55,95
1,45,59,94.56,95
1,46,1,94.58,95
1,46,2,94.58,95
1,46,3,94.6,95
1,46,4,94.6,95
1,46,5,94.61,95
1,46,7,94.62,95
1,46,8,94.63,95
1,46,9,94.64,95
1,46,10,94.64,95
1,46,11,94.65,95
1,46,13,94.65,95
1,46,14,94.66,95
1,46,15,94.67,95
1,46,16,94.68,95
1,46,17,94.69,95
1,46,18,94.7,95
1,46,20,94.71,95
1,46,21,94.71,95
1,46,22,94.72,95
1,46,23,94.73,95
1,46,24,94.74,95
1,46,26,94.75,95
1,46,27,94.75,95
1,46,28,94.76,95
1,46,29,94.77,95
1,46,30,94.78,95
1,46,31,94.79,95
1,46,33,94.8,95
1,46,34,94.8,95
1,46,35,94.8,95
1,46,36,94.81,95
1,46,37,94.81,95
1,46,38,94.82,95
1,46,40,94.82,95
1,46,41,94.82,95
1,46,42,94.83,95
1,46,43,94.84,95
1,46,44,94.84,95
1,46,46,94.84,95
1,46,47,94.85,95
1,46,48,94.85,95
1,46,49,94.86,95
1,46,50,94.86,95
1,46,52,94.87,95
1,46,53,94.87,95
1,46,54,94.88,95
1,46,55,94.88,95
1,46,56,94.89,95
1,46,57,94.89,95
1,46,59,94.89,95
1,47,0,94.9,95
1,47,1,94.9,95
1,47,2,94.91,95
1,47,3,94.91,95
1,47,5,94.91,95
1,47,6,94.91,95
1,47,7,94.91,95
1,47,8,94.92,95
1,47,9,94.92,95
1,47,10,94.92,95
1,47,12,94.92,95
1,47,13,94.92,95
1,47,14,94.92,95
1,47,15,94.92,95
1,47,16,94.92,95
1,47,17,94.92,95
1,47,19,94.92,95
1,47,20,94.93,95
1,47,21,94.93,95
1,47,22,94.93,95
1,47,23,94.93,95
1,47,25,94.94,95
1,47,26,94.94,95
1,47,27,94.95,95
1,47,28,94.95,95
1,47,29,94.95,95
1,47,30,94.96,95
1,47,32,94.96,95
1,47,33,94.96,95
1,47,34,94.97,95
1,47,35,94.97,95
1,47,36,94.97,95
1,47,38,94.97,95
1,47,39,94.97,95
1,47,40,94.97,95
1,47,41,94.98,95
1,47,42,94.98,95
1,47,43,94.98,95
1,47,45,94.98,95
1,47,46,94.98,95
1,47,47,94.98,95
1,47,48,94.98,95
1,47,49,94.98,95
1,47,50,94.98,95
1,47,52,94.98,95
1,47,53,94.99,95
1,47,54,94.99,95
1,47,55,94.98,95
1,47,56,94.98,95
1,47,58,94.98,95
1,47,59,94.99,95
1,48,0,94.99,95
1,48,1,94.99,95
1,48,2,95,95
1,48,3,95,95
1,48,5,95,95
1,48,6,95.01,95
1,48,7,95.01,95
1,48,8,95.01,95
1,48,9,95.01,95
1,48,10,95.01,95
1,48,12,95.01,95
1,48,13,95.01,95
1,48,14,95.01,95
1,48,15,95.01,95
1,48,16,95.01,95
1,48,18,95,95
1,48,19,95,95
1,48,20,95,95
1,48,21,95,95
1,48,22,95,95
1,48,23,95,95
1,48,25,95,95
1,48,26,95,95
1,48,27,95,95
1,48,28,95.01,95
1,48,29,95.01,95
1,48,30,95.01,95
1,48,32,95.01,95
1,48,33,95.01,95
1,48,34,95.02,95
1,48,35,95.02,95
1,48,36,95.02,95
1,48,37,95.02,95
1,48,39,95.02,95
1,48,40,95.02,95
1,48,41,95.02,95
1,48,42,95.02,95
1,48,43,95.02,95
1,48,44,95.02,95
1,48,46,95.02,95
1,48,47,95.02,95
1,48,48,95.02,95
1,48,49,95.02,95
1,48,50,95.02,95
1,48,52,95.02,95
1,48,53,95.02,95
1,48,54,95.01,95
1,48,55,95.01,95
1,48,56,95.01,95
1,48,57,95.02,95
1,48,59,95.02,95
1,49,0,95.02,95
1,49,1,95.02,95
1,49,2,95.01,95
1,49,3,95.01,95
1,49,4,95.01,95
1,49,6,95.01,95
1,49,7,95.01,95
1,49,8,95.01,95
1,49,9,95.02,95
1,49,10,95.02,95
1,49,11,95.02,95
1,49,13,95.02,95
1,49,14,95.02,95
1,49,15,95.02,95
1,49,16,95.02,95
1,49,17,95.02,95
1,49,19,95.02,95
1,49,20,95.02,95
1,49,21,95.02,95
1,49,22,95.02,95
1,49,23,95.02,95
1,49,24,95.02,95
1,49,26,95.02,95
1,49,27,95.02,95
1,49,28,95.01,95
1,49,29,95.02,95
1,49,30,95.02,95
1,49,32,95.02,95
1,49,33,95.02,95
1,49,34,95.02,95
1,49,35,95.02,95
1,49,36,95.02,95
1,49,37,95.02,95
1,49,39,95.03,95
1,49,40,95.03,95
1,49,41,95.03,95
1,49,42,95.03,95
1,49,43,95.03,95
1,49,44,95.03,95
1,49,46,95.03,95
1,49,47,95.03,95
1,49,48,95.03,95
1,49,49,95.02,95
1,49,50,95.02,95
1,49,52,95.02,95
1,49,53,95.02,95
1,49,54,95.02,95
1,49,55,95.02,95
1,49,56,95.02,95
1,49,58,95.02,95
1,49,59,95.02,95
1,50,0,95.02,95
1,50,1,95.02,95
1,50,2,95.02,95
1,50,3,95.03,95
1,50,5,95.03,95
1,50,6,95.03,95
1,50,7,95.02,95
1,50,8,95.02,95
1,50,9,95.02,95
1,50,11,95.02,95
1,50,12,95.01,95
1,50,13,95.01,95
1,50,14,95.01,95
1,50,16,95,95
1,50,17,95,95
1,50,18,95,95
1,50,19,95,95
1,50,20,95,95
1,50,21,95,95
1,50,23,95,95
1,50,24,95.01,95
1,50,25,95.01,95
1,50,26,95.01,95
1,50,27,95.02,95
1,50,29,95.02,95
1,50,30,95.02,95
1,50,31,95.02,95
1,50,32,95.03,95
1,50,33,95.03,95
1,50,34,95.03,95
1,50,36,95.03,95
1,50,37,95.03,95
1,50,38,95.03,95
1,50,39,95.03,95
1,50,41,95.03,95
1,50,42,95.03,95
1,50,43,95.02,95
1,50,44,95.02,95
1,50,45,95.02,95
1,50,47,95.01,95
1,50,48,95.01,95
1,50,49,95.01,95
1,50,50,95.01,95
1,50,51,95.01,95
1,50,53,95.01,95
1,50,54,95.02,95
1,50,55,95.02,95
1,50,56,95.02,95
1,50,57,95.02,95
1,50,58,95.02,95
1,51,0,95.02,95
1,51,1,95.02,95
1,51,2,95.02,95
1,51,3,95.02,95
1,51,4,95.02,95
1,51,5,95.02,95
1,51,7,95.02,95
1,51,8,95.02,95
1,51,9,95.02,95
1,51,10,95.02,95
1,51,11,95.02,95
1,51,13,95.02,95
1,51,14,95.02,95
1,51,15,95.02,95
1,51,16,95.02,95
1,51,17,95.02,95
1,51,18,95.02,95
1,51,19,95.02,95
1,51,21,95.02,95
1,51,22,95.01,95
1,51,23,95.02,95
1,51,24,95.02,95
1,51,25,95.02,95
1,51,27,95.01,95
1,51,28,95.02,95
1,51,29,95.02,95
1,51,30,95.02,95
1,51,31,95.01,95
1,51,32,95.02,95
1,51,34,95.02,95
1,51,35,95.02,95
1,51,36,95.02,95
1,51,37,95.02,95
1,51,38,95.02,95
1,51,39,95.02,95
1,51,41,95.03,95
1,51,42,95.03,95
1,51,43,95.03,95
1,51,44,95.03,95
1,51,45,95.03,95
1,51,47,95.03,95
1,51,48,95.03,95
1,51,49,95.02,95
1,51,50,95.02,95
1,51,52,95.01,95
1,51,53,95.01,95
1,51,54,95,95
1,51,55,95,95
1,51,56,95,95
1,51,58,95,95
1,51,59,95,95
1,52,0,95.01,95
1,52,1,95.01,95
1,52,2,95.01,95
1,52,3,95.02,95
1,52,5,95.02,95
1,52,6,95.02,95
1,52,7,95.02,95
1,52,8,95.02,95
1,52,9,95.02,95
1,52,10,95.02,95
1,52,12,95.02,95
1,52,13,95.01,95
1,52,14,95.01,95
1,52,15,95.01,95
1,52,16,95.01,95
1,52,17,95.01,95
1,52,19,95.01,95
1,52,20,95.02,95
1,52,21,95.02,95
1,52,22,95.02,95
1,52,23,95.02,95
1,52,25,95.02,95
1,52,26,95.02,95
1,52,27,95.02,95
1,52,28,95.02,95
1,52,29,95.01,95
1,52,31,95.01,95
1,52,32,95.01,95
1,52,33,95.01,95
1,52,34,95.01,95
1,52,35,95.01,95
1,52,36,95,95
1,52,38,95,95
1,52,39,95,95
1,52,40,95.01,95
1,52,41,95.01,95
1,52,42,95.01,95
1,52,44,95.02,95
1,52,45,95.02,95
1,52,46,95.02,95
1,52,47,95.02,95
1,52,48,95.01,95
1,52,49,95.01,95
1,52,51,95.01,95
1,52,52,95.01,95
1,52,53,95.01,95
1,52,54,95.01,95
1,52,55,95.01,95
1,52,56,95.02,95
1,52,58,95.02,95
1,52,59,95.01,95
1,53,0,95.01,95
1,53,1,95.02,95
1,53,2,95.02,95
1,53,3,95.02,95
1,53,5,95.02,95
1,53,6,95.01,95
1,53,7,95.01,95
1,53,8,95.01,95
1,53,9,95.01,95
1,53,11,95.01,95
1,53,12,95,95
1,53,13,95,95
1,53,14,95,95
1,53,15,95,95
1,53,16,95,95
1,53,18,95,95
1,53,19,95,95
1,53,20,95,95
1,53,21,95.01,95
1,53,22,95.01,95
1,53,24,95.01,95
1,53,25,95.01,95
1,53,26,95.01,95
1,53,27,95.01,95
1,53,28,95.01,95
1,53,29,95.01,95
1,53,31,95,95
1,53,32,95,95
1,53,33,95,95
1,53,34,95,95
1,53,35,95.01,95
1,53,37,95.01,95
1,53,38,95.01,95
1,53,39,95.01,95
1,53,40,95.01,95
1,53,41,95.01,95
1,53,42,95.01,95
1,53,44,95,95
1,53,45,95,95
1,53,46,95,95
1,53,47,95,95
1,53,48,95,95
1,53,49,95,95
1,53,51,95,95
1,53,52,95,95
1,53,53,95,95
1,53,54,95,95
1,53,55,95.01,95
1,53,56,95.01,95
1,53,58,95.01,95
1,53,59,95.01,95
1,54,0,95.01,95
1,54,1,95.01,95
1,54,2,95.01,95
1,54,4,95.01,95
1,54,5,95.01,95
1,54,6,95.01,95
1,54,7,95,95
1,54,8,95,95
1,54,10,95,95
1,54,11,95.01,95
1,54,12,95.01,95
1,54,13,95.01,95
1,54,14,95.01,95
1,54,15,95.01,95
1,54,17,95.01,95
1,54,18,95.01,95
1,54,19,95.02,95
1,54,20,95.02,95
1,54,21,95.02,95
1,54,23,95.02,95
1,54,24,95.02,95
1,54,25,95.02,95
1,54,26,95.02,95
1,54,27,95.02,95
1,54,29,95.02,95
1,54,30,95.02,95
1,54,31,95.02,95
1,54,32,95.02,95
1,54,33,95.02,95
1,54,34,95.02,95
1,54,36,95.02,95
1,54,37,95.01,95
1,54,38,95.01,95
1,54,39,95.01,95
1,54,40,95,95
1,54,41,95,95
1,54,43,95,95
1,54,44,95,95
1,54,45,95,95
1,54,46,95,95
1,54,47,95,95
1,54,48,95,95
1,54,50,95,95
1,54,51,95.01,95
1,54,52,95.01,95
1,54,53,95.01,95
1,54,54,95,95
1,54,55,95,95
1,54,57,95,95
1,54,58,95,95
1,54,59,95,95
1,55,0,95,95
1,55,1,95,95
1,55,2,95,95
1,55,4,95,95
1,55,5,95,95
1,55,6,95,95
1,55,7,95,95
1,55,8,95,95
1,55,10,95,95
1,55,11,95.01,95
1,55,12,95.01,95
1,55,13,95.01,95
1,55,14,95.01,95
1,55,15,95.01,95
1,55,17,95.01,95
1,55,18,95.01,95
1,55,19,95.01,95
1,55,20,95.01,95
1,55,21,95.01,95
1,55,23,95.01,95
1,55,24,95.01,95
1,55,25,95.01,95
1,55,26,95,95
1,55,27,95,95
1,55,29,95.01,95
1,55,30,95.01,95
1,55,31,95.01,95
1,55,32,95.01,95
1,55,33,95.01,95
1,55,35,95.01,95
1,55,36,95.01,95
1,55,37,95.01,95
1,55,38,95.01,95
1,55,39,95.01,95
1,55,40,95.01,95
1,55,42,95.01,95
1,55,43,95,95
1,55,44,95.01,95
1,55,45,95,95
1,55,46,95,95
1,55,48,95,95
1,55,49,95,95
1,55,50,95.01,95
1,55,51,95.01,95
1,55,52,95.01,95
1,55,54,95.01,95
1,55,55,95.01,95
1,55,56,95.01,95
1,55,57,95,95
1,55,58,95,95
1,55,59,95,95
1,56,1,95,95
1,56,2,95,95
1,56,3,95,95
1,56,4,95,95
1,56,5,95,95
1,56,6,95,95
1,56,8,95,95
1,56,9,95,95
1,56,10,95,95
1,56,11,95,95
1,56,12,95,95
1,56,13,95,95
1,56,15,95,95
1,56,16,95,95
1,56,17,95,95
1,56,18,95,95
1,56,19,95,95
1,56,20,95,95
1,56,22,95,95
1,56,23,95,95
1,56,24,95,95
1,56,25,95,95
1,56,26,95.01,95
1,56,27,95.01,95
1,56,29,95,95
1,56,30,95,95
1,56,31,95,95
1,56,32,95.01,95
1,56,33,95.01,95
1,56,35,95.01,95
1,56,36,95.01,95
1,56,37,95.01,95
1,56,38,95.01,95
1,56,39,95.01,95
1,56,40,95.01,95
1,56,42,95,95
1,56,43,95,95
1,56,44,95,95
1,56,45,95,95
1,56,46,95,95
1,56,47,95,95
1,56,49,94.99,95
1,56,50,94.99,95
1,56,51,94.99,95
1,56,52,95,95
1,56,53,95,95
1,56,55,95,95
1,56,56,95,95
1,56,57,95,95
1,56,58,95,95
1,56,59,95,95
1,57,1,95,95
1,57,2,95,95
1,57,3,95,95
1,57,4,95.01,95
1,57,5,95.01,95
1,57,6,95.01,95
1,57,8,95.01,95
1,57,9,95.01,95
1,57,10,95.01,95
1,57,11,95.01,95
1,57,12,95.01,95
1,57,13,95.01,95
1,57,15,95.01,95
1,57,16,95.01,95
1,57,17,95,95
1,57,18,95,95
1,57,19,95,95
1,57,21,95,95
1,57,22,95,95
1,57,23,95.01,95
1,57,24,95.01,95
1,57,25,95.01,95
1,57,27,95.01,95
1,57,28,95.01,95
1,57,29,95.01,95
1,57,30,95.01,95
1,57,31,95.01,95
1,57,32,95.01,95
1,57,34,95.01,95
1,57,35,95.01,95
1,57,36,95.01,95
1,57,37,95,95
1,57,38,95,95
1,57,40,95,95
1,57,41,95,95
1,57,42,95.01,95
1,57,43,95.01,95
1,57,44,95.01,95
1,57,45,95.01,95
1,57,47,95.01,95
1,57,48,95.01,95
1,57,49,95,95
1,57,50,95,95
1,57,51,95,95
1,57,53,95,95
1,57,54,95,95
1,57,55,95,95
1,57,56,94.99,95
1,57,57,94.99,95
1,57,58,94.99,95
1,58,0,94.99,95
1,58,1,94.99,95
1,58,2,94.99,95
1,58,3,95,95
1,58,4,95,95
1,58,6,95,95
1,58,7,95,95
1,58,8,95.01,95
1,58,9,95.01,95
1,58,10,95.01,95
1,58,11,95.01,95
1,58,13,95.01,95
1,58,14,95.02,95
1,58,15,95.01,95
1,58,16,95.02,95
1,58,17,95.02,95
1,58,18,95.02,95
1,58,20,95.02,95
1,58,21,95.02,95
1,58,22,95.01,95
1,58,23,95.01,95
1,58,24,95.01,95
1,58,26,95.01,95
1,58,27,95,95
1,58,28,95,95
1,58,29,95,95
1,58,30,95,95
1,58,32,95,95
1,58,33,94.99,95
1,58,34,94.99,95
1,58,35,94.99,95
1,58,36,95,95
1,58,37,95,95
1,58,39,95,95
1,58,40,95,95
1,58,41,95,95
1,58,42,95,95
1,58,43,95,95
1,58,44,95,95
1,58,46,95,95
1,58,47,95,95
1,58,48,95,95
1,58,49,95,95
1,58,50,95,95
1,58,52,95,95
1,58,53,95.01,95
1,58,54,95.01,95
1,58,55,95.01,95
1,58,56,95.01,95
1,58,57,95,95
1,58,59,95,95
1,59,0,95.01,95
1,59,1,95.01,95
1,59,2,95.01,95
1,59,3,95,95
1,59,5,95,95
1,59,6,95,95
1,59,7,95,95
1,59,8,95,95
1,59,9,95.01,95
1,59,10,95.01,95
1,59,12,95.01,95
1,59,13,95.01,95
1,59,14,95.01,95
1,59,15,95,95
1,59,16,95,95
1,59,17,95,95
1,59,19,95,95
1,59,20,95,95
1,59,21,95,95
1,59,22,95,95
1,59,23,95,95
1,59,24,95,95
1,59,26,95,95
1,59,27,95,95
1,59,28,95,95
1,59,29,95,95
1,59,30,95,95
1,59,32,95,95
1,59,33,95,95
1,59,34,95,95
1,59,35,95.01,95
1,59,36,95.01,95
1,59,37,95.01,95
1,59,39,95.01,95
1,59,40,95.01,95
1,59,41,95.01,95
1,59,42,95.01,95
1,59,43,95.01,95
1,59,44,95.01,95
1,59,46,95.01,95
1,59,47,95.01,95
1,59,48,95.01,95
1,59,49,95.01,95
1,59,50,95.01,95
1,59,52,95.01,95
1,59,53,95.01,95
1,59,54,95.01,95
1,59,55,95.01,95
1,59,56,95,95
1,59,57,95,95
1,59,59,95,95
2,0,0,95,95
2,0,1,95.01,95
2,0,2,95.01,95
2,0,3,95.01,95
2,0,5,95.01,95
2,0,6,95.01,95
2,0,7,95.01,95
2,0,8,95.01,95
2,0,9,95.01,95
2,0,10,95.01,95
2,0,12,95.01,95
2,0,13,95.02,95
2,0,14,95.02,95
2,0,15,95.02,95
2,0,16,95.01,95
2,0,18,95.01,95
2,0,19,95.01,95
2,0,20,95.01,95
2,0,21,95,95
2,0,22,95,95
2,0,24,95,95
2,0,25,95,95
2,0,26,94.99,95
2,0,27,94.99,95
2,0,28,94.99,95
2,0,29,94.99,95
2,0,31,94.98,95
2,0,32,94.98,95
2,0,33,94.98,95
2,0,34,94.99,95
2,0,35,94.99,95
2,0,37,94.99,95
2,0,38,94.99,95
2,0,39,95,95
2,0,40,95,95
2,0,41,95,95
2,0,42,95,95
2,0,44,95,95
2,0,45,95,95
2,0,46,95,95
2,0,47,95.01,95
2,0,48,95.01,95
2,0,50,95.01,95
2,0,51,95.02,95
2,0,52,95.02,95
2,0,53,95.02,95
2,0,54,95.02,95
2,0,55,95.01,95
2,0,57,95.01,95
2,0,58,95.01,95
2,0,59,95,95
2,1,0,95,95
2,1,1,95,95
2,1,3,95,95
2,1,4,95,95
2,1,5,95,95
2,1,6,95,95
2,1,7,95,95
2,1,8,95.01,95
2,1,10,95.01,95
2,1,11,95.01,95
2,1,12,95.01,95
2,1,13,95.01,95
2,1,14,95.01,95
2,1,15,95.01,95
2,1,17,95.01,95
2,1,18,95.01,95
2,1,19,95,95
2,1,20,95,95
2,1,21,95,95
2,1,22,95,95
2,1,24,95,95
2,1,25,95,95
2,1,26,95,95
2,1,27,95,95
2,1,28,95,95
2,1,30,95,95
2,1,31,95,95
2,1,32,95,95
2,1,33,95,95
2,1,34,95,95
2,1,35,95,95
2,1,37,95,95
2,1,38,95,95
2,1,39,95,95
2,1,40,95,95
2,1,41,95,95
2,1,42,95,95
2,1,44,95,95
2,1,45,94.99,95
2,1,46,94.99,95
2,1,47,95,95
2,1,49,95,95
2,1,50,95,95
2,1,51,95,95
2,1,52,95,95
2,1,53,95,95
2,1,55,95,95
2,1,56,95,95
2,1,57,95,95
2,1,58,95,95
2,1,59,95,95
2,2,0,95,95
2,2,2,95,95
2,2,3,95,95
2,2,4,95,95
2,2,5,95,95
2,2,6,95,95
2,2,8,95,95
2,2,9,95,95
2,2,10,95,95
2,2,11,95,95
2,2,12,95,95
2,2,13,95,95
2,2,15,95,95
2,2,16,95.01,95
2,2,17,95.01,95
2,2,18,95.01,95
2,2,19,95.01,95
2,2,20,95.01,95
2,2,22,95,95
2,2,23,95,95
2,2,24,95,95
2,2,25,95,95
2,2,26,95,95
2,2,28,95.01,95
2,2,29,95.01,95
2,2,30,95.01,95
2,2,31,95.01,95
2,2,32,95.01,95
2,2,33,95.01,95
2,2,35,95.01,95
2,2,36,95.01,95
2,2,37,95.01,95
2,2,38,95,95
2,2,39,95,95
2,2,40,95,95
2,2,42,95,95
2,2,43,95,95
2,2,44,95,95
2,2,45,95,95
2,2,46,95,95
2,2,48,95,95
2,2,49,95,95
2,2,50,95,95
2,2,51,95,95
2,2,52,95,95
2,2,54,95,95
2,2,55,95,95
2,2,56,95,95
2,2,57,95,95
2,2,58,95,95
2,2,59,95,95
2,3,1,95,95
2,3,2,95,95
2,3,3,95,95
2,3,4,95,95
2,3,5,95,95
2,3,6,95,95
2,3,8,95,95
2,3,9,95,95
2,3,10,95,95
2,3,11,95,95
2,3,13,94.99,95
2,3,14,94.99,95
2,3,15,94.99,95
2,3,16,94.99,95
2,3,18,94.99,95
2,3,19,94.99,95
2,3,20,94.99,95
2,3,21,94.99,95
2,3,22,94.99,95
2,3,24,94.99,95
2,3,25,94.99,95
2,3,26,94.99,95
2,3,27,95,95
2,3,28,95,95
2,3,29,95,95
2,3,31,95,95
2,3,32,95,95
2,3,33,95,95
2,3,34,95,95
2,3,35,95,95
2,3,36,95,95
2,3,38,95,95
2,3,39,95,95
2,3,40,95,95
2,3,41,95,95
2,3,42,95,95
2,3,44,95,95
2,3,45,95,95
2,3,46,95,95
2,3,47,95,95
2,3,49,95,95
2,3,50,95,95
2,3,51,95,95
2,3,52,95,95
2,3,54,95,95
2,3,55,95.01,95
2,3,56,95.01,95
2,3,57,95.01,95
2,3,58,95.01,95
2,3,59,95.01,95
2,4,1,95.01,95
2,4,2,95.01,95
2,4,3,95,95
2,4,4,95,95
2,4,5,95,95
2,4,7,95,95
2,4,8,94.99,95
2,4,9,94.99,95
2,4,10,94.99,95
2,4,11,94.99,95
2,4,13,94.99,95
2,4,14,94.99,95
2,4,15,94.99,95
2,4,16,94.99,95
2,4,17,94.99,95
2,4,18,94.99,95
2,4,20,94.99,95
2,4,21,94.99,95
2,4,22,95,95
2,4,23,95,95
2,4,24,95,95
2,4,26,95,95
2,4,27,95,95
2,4,28,95,95
2,4,29,94.99,95
2,4,30,94.99,95
2,4,31,94.99,95
2,4,33,94.99,95
2,4,34,94.99,95
2,4,35,94.99,95
2,4,36,95,95
2,4,37,95,95
2,4,39,95,95
2,4,40,95,95
2,4,41,95.01,95
2,4,42,95.01,95
2,4,43,95.01,95
2,4,45,95.01,95
2,4,46,95.01,95
2,4,47,95.01,95
2,4,48,95.02,95
2,4,49,95.02,95
2,4,50,95.02,95
2,4,52,95.01,95
2,4,53,95.01,95
2,4,54,95.01,95
2,4,55,95.01,95
2,4,56,95,95
2,4,57,95,95
2,4,59,95,95
2,5,0,95,95
2,5,1,94.99,95
2,5,2,94.99,95
2,5,3,94.99,95
2,5,4,94.99,95
2,5,6,94.99,95
2,5,7,94.99,95
2,5,8,94.99,95
2,5,9,94.99,95
2,5,10,94.99,95
2,5,12,95,95
2,5,13,95,95
2,5,14,95,95
2,5,15,95,95
2,5,16,95,95
2,5,18,95,95
2,5,19,95,95
2,5,20,95,95
2,5,21,95,95
2,5,22,95,95
2,5,23,95,95
2,5,25,95.01,95
2,5,26,95.01,95
2,5,27,95.01,95
2,5,28,95,95
2,5,29,95,95
2,5,30,95,95
2,5,32,95,95
2,5,33,95,95
2,5,34,95,95
2,5,35,95,95
2,5,37,95,95
2,5,38,95,95
2,5,39,95,95
2,5,40,95,95
2,5,41,95,95
2,5,42,95,95
2,5,44,95,95
2,5,45,95,95
2,5,46,95,95
2,5,47,95,95
2,5,48,95,95
2,5,49,95,95
2,5,51,95,95
2,5,52,95,95
2,5,53,95,95
2,5,54,95,95
2,5,55,95,95
2,5,57,95,95
2,5,58,95,95
2,5,59,95,95
2,6,0,95,95
2,6,1,95,95
2,6,2,95,95
2,6,4,95.01,95
2,6,5,95.01,95
2,6,6,95.01,95
2,6,7,95.01,95
2,6,9,95,95
2,6,10,95,95
2,6,11,95,95
2,6,12,95,95
2,6,13,95,95
2,6,14,95,95
2,6,16,95,95
2,6,17,95,95
2,6,18,95,95
2,6,19,95,95
2,6,20,95,95
2,6,21,95,95
2,6,23,95,95
2,6,24,95,95
2,6,25,95.01,95
2,6,26,95.01,95
2,6,27,95.01,95
2,6,29,95.01,95
2,6,30,95.01,95
2,6,31,95.01,95
2,6,32,95.01,95
2,6,33,95.01,95
2,6,34,95.01,95
2,6,36,95.01,95
2,6,37,95.01,95
2,6,38,95.01,95
2,6,39,95.01,95
2,6,40,95.01,95
2,6,42,95.01,95
2,6,43,95,95
2,6,44,95,95
2,6,45,95,95
2,6,46,95,95
2,6,47,95,95
2,6,49,95,95
2,6,50,95,95
2,6,51,95,95
2,6,52,95,95
2,6,53,95,95
2,6,55,95,95
2,6,56,95,95
2,6,57,95,95
2,6,58,95,95
2,6,59,95,95
2,7,0,95.01,95
2,7,2,95.01,95
2,7,3,95.01,95
2,7,4,95.01,95
2,7,5,95,95
2,7,6,95.01,95
2,7,7,95,95
2,7,9,95.01,95
2,7,10,95.01,95
2,7,11,95.01,95
2,7,12,95,95
2,7,13,95,95
2,7,15,95,95
2,7,16,95,95
2,7,17,95,95
2,7,18,95,95
2,7,19,95,95
2,7,20,95,95
2,7,22,95,95
2,7,23,95,95
2,7,24,95.01,95
2,7,25,95.01,95
2,7,26,95.01,95
2,7,28,95.01,95
2,7,29,95.02,95
2,7,30,95.02,95
2,7,31,95.02,95
2,7,32,95.02,95
2,7,33,95.01,95
2,7,35,95.01,95
2,7,36,95.01,95
2,7,37,95.01,95
2,7,38,95,95
2,7,39,95,95
2,7,41,95,95
2,7,42,94.99,95
2,7,43,94.98,95
2,7,44,94.98,95
2,7,45,94.98,95
2,7,47,94.98,95
2,7,48,94.99,95
2,7,49,94.99,95
2,7,50,94.99,95
2,7,51,94.99,95
2,7,53,95,95
2,7,54,95,95
2,7,55,95,95
2,7,56,95,95
2,7,57,95,95
2,7,58,95,95
2,8,0,95,95
2,8,1,95,95
2,8,2,95,95
2,8,3,95,95
2,8,5,95,95
2,8,6,95,95
2,8,7,95,95
2,8,8,95,95
2,8,9,95,95
2,8,11,95,95
2,8,12,95,95
2,8,13,95,95
2,8,14,95,95
2,8,15,95,95
2,8,16,95,95
2,8,18,95,95
2,8,19,95,95
2,8,20,95,95
2,8,21,95,95
2,8,22,95,95
2,8,23,95,95
2,8,25,95.01,95
2,8,26,95.01,95
2,8,27,95.01,95
2,8,28,95.01,95
2,8,29,95.01,95
2,8,30,95.02,95
2,8,32,95.02,95
2,8,33,95.02,95
2,8,34,95.01,95
2,8,35,95.01,95
2,8,36,95.01,95
2,8,37,95,95
2,8,39,95,95
2,8,40,95,95
2,8,41,94.99,95
2,8,42,94.99,95
2,8,43,94.99,95
2,8,45,94.99,95
2,8,46,94.99,95
2,8,47,94.99,95
2,8,48,95,95
2,8,49,95,95
2,8,50,95,95
2,8,52,95,95
2,8,53,95,95
2,8,54,95,95
2,8,55,95,95
2,8,56,95,95
2,8,58,95,95
2,8,59,95,95
2,9,0,95,95
2,9,1,95,95
2,9,2,95,95
2,9,3,95,95
2,9,5,95,95
2,9,6,95,95
2,9,7,95,95
2,9,8,95,95
2,9,9,95,95
2,9,10,95,95
2,9,12,95,95
2,9,13,95,95
2,9,14,95,95
2,9,15,95,95
2,9,16,95,95
2,9,18,95,95
2,9,19,95,95
2,9,20,95,95
2,9,21,95,95
2,9,22,95,95
2,9,23,95.01,95
2,9,25,95.01,95
2,9,26,95.01,95
2,9,27,95,95
2,9,28,95,95
2,9,29,95,95
2,9,31,95,95
2,9,32,95,95
2,9,33,95,95
2,9,34,95,95
2,9,35,95,95
2,9,37,95.01,95
2,9,38,95.01,95
2,9,39,95.01,95
2,9,40,95.01,95
2,9,41,95.01,95
2,9,42,95.01,95
2,9,44,95.01,95
2,9,45,95,95
2,9,46,95,95
2,9,47,95,95
2,9,48,95,95
2,9,49,95,95
2,9,51,95,95
2,9,52,95,95
2,9,53,95,95
2,9,54,95,95
2,9,55,95,95
2,9,57,95,95
2,9,58,95,95
2,9,59,95,95
2,10,0,95,95
2,10,1,95,95
2,10,3,95,95
2,10,4,95,95
2,10,5,95,95
2,10,6,95,95
2,10,7,95,95
2,10,8,95,95
2,10,10,95,95
2,10,11,95,95
2,10,12,95,95
2,10,13,95,95
2,10,14,95,95
2,10,16,95,95
2,10,17,95,95
2,10,18,95,95
2,10,19,95,95
2,10,20,95,95
2,10,22,95,95
2,10,23,95,95
2,10,24,95,95
2,10,25,94.99,95
2,10,26,94.99,95
2,10,27,94.99,95
2,10,29,94.99,95
2,10,30,94.99,95
2,10,31,94.99,95
2,10,32,94.99,95
2,10,33,94.99,95
2,10,35,94.99,95
2,10,36,94.99,95
2,10,37,94.99,95
2,10,38,95,95
2,10,39,95,95
2,10,40,95,95
2,10,42,95,95
2,10,43,95,95
2,10,44,95,95
2,10,46,95,95
2,10,47,95,95
2,10,48,95,95
2,10,49,95,95
2,10,50,95,95
2,10,51,95,95
2,10,53,95,95
2,10,54,95,95
2,10,55,95,95
2,10,56,95,95
2,10,57,95,95
2,10,59,95,95
2,11,0,95,95
2,11,1,95,95
2,11,2,95,95
2,11,3,95,95
2,11,5,95,95
2,11,6,95,95
2,11,7,95,95
2,11,8,95,95
2,11,9,95,95
2,11,10,95,95
2,11,12,95.01,95
2,11,13,95.01,95
2,11,14,95.01,95
2,11,15,95,95
2,11,16,95,95
2,11,17,95,95
2,11,19,94.99,95
2,11,20,94.99,95
2,11,21,94.99,95
2,11,22,94.99,95
2,11,23,94.99,95
2,11,25,94.99,95
2,11,26,95,95
2,11,27,95,95
2,11,28,95,95
2,11,29,95,95
2,11,30,95,95
2,11,32,95,95
2,11,33,95,95
2,11,34,95,95
2,11,35,95,95
2,11,36,95,95
2,11,38,95,95
2,11,39,95,95
2,11,40,95,95
2,11,41,95,95
2,11,42,95,95
2,11,43,95,95
2,11,45,95,95
2,11,46,95,95
2,11,47,95,95
2,11,48,95,95
2,11,49,95,95
2,11,51,95,95
2,11,52,95,95
2,11,53,95,95
2,11,54,95,95
2,11,55,95,95
2,11,56,95,95
2,11,58,95,95
2,11,59,95,95
2,12,0,95,95
2,12,1,95,95
2,12,2,95,95
2,12,4,95,95
2,12,5,94.99,95
2,12,6,94.99,95
2,12,7,94.99,95
2,12,8,94.99,95
2,12,9,94.99,95
2,12,11,94.99,95
2,12,12,94.99,95
2,12,13,94.99,95
2,12,14,94.99,95
2,12,15,94.99,95
2,12,16,95,95
2,12,18,95,95
2,12,19,95,95
2,12,20,95,95
2,12,21,95.01,95
2,12,22,95.01,95
2,12,24,95.01,95
2,12,25,95.01,95
2,12,26,95.01,95
2,12,27,95.01,95
2,12,28,95,95
2,12,29,95.01,95
2,12,31,95,95
2,12,32,95,95
2,12,33,95,95
2,12,34,95,95
2,12,35,95.01,95
2,12,36,95.01,95
2,12,38,95.01,95
2,12,39,95.01,95
2,12,40,95.01,95
2,12,41,95.01,95
2,12,42,95.01,95
2,12,44,95,95
2,12,45,95,95
2,12,46,95,95
2,12,47,95,95
2,12,48,95,95
2,12,49,95,95
2,12,51,95,95
2,12,52,95,95
2,12,53,94.99,95
2,12,54,94.99,95
2,12,55,94.99,95
2,12,56,94.99,95
2,12,58,94.99,95
2,12,59,94.99,95
2,13,0,94.99,95
2,13,1,94.99,22
2,13,4,94.98,22
2,13,5,94.9,22
2,13,6,94.66,22
2,13,7,94.28,22
2,13,8,93.75,22
2,13,10,93.08,22
2,13,11,92.34,22
2,13,12,91.48,22
2,13,13,90.58,22
2,13,14,89.61,22
2,13,16,88.62,22
2,13,17,87.61,22
2,13,18,86.64,22
2,13,19,85.61,22
2,13,20,84.61,22
2,13,21,83.63,22
2,13,23,82.65,22
2,13,24,81.62,22
2,13,25,80.61,22
2,13,26,79.64,22
2,13,27,78.68,22
2,13,29,77.69,22
2,13,30,76.76,22
2,13,31,75.79,22
2,13,32,74.82,22
2,13,33,73.95,22
2,13,34,73.01,22
2,13,36,72.12,22
2,13,37,71.2,22
2,13,38,70.32,22
2,13,39,69.42,22
2,13,40,68.52,22
2,13,42,67.64,22
2,13,43,66.8,22
2,13,44,65.94,22
2,13,45,65.13,22
2,13,46,64.33,22
2,13,47,63.5,22
2,13,49,62.71,22
2,13,50,61.89,22
2,13,51,61.12,22
2,13,52,60.33,22
2,13,53,59.55,22
2,13,55,58.77,22
2,13,56,58.04,22
2,13,57,57.31,22
2,13,58,56.59,22
2,13,59,55.85,22
2,14,0,55.15,22
2,14,2,54.44,22
2,14,3,53.75,22
2,14,4,53.05,22
2,14,5,52.36,22
2,14,6,51.7,22
2,14,7,51.05,22
2,14,9,50.42,22
2,14,10,49.76,22
2,14,11,49.11,22
2,14,12,48.46,22
2,14,13,47.85,22
2,14,15,47.25,22
2,14,16,46.63,22
2,14,17,46.04,22
2,14,18,45.46,22
2,14,19,44.86,22
2,14,20,44.3,22
2,14,22,43.72,22
2,14,23,43.17,22
2,14,24,42.62,22
2,14,25,42.06,22
2,14,26,41.49,22
2,14,27,40.97,22
2,14,29,40.44,22
2,14,30,39.91,22
2,14,31,39.38,22
2,14,32,38.87,22
2,14,33,38.38,22
2,14,35,37.86,22
2,14,36,37.36,22
2,14,37,36.86,22
2,14,38,36.39,22
2,14,39,35.9,22
2,14,41,35.4,22
2,14,42,34.93,22
2,14,43,34.45,22
2,14,44,33.99,22
2,14,45,33.56,22
2,14,47,33.13,22
2,14,48,32.68,22
2,14,49,32.26,22
2,14,50,31.82,22
2,14,51,31.41,22
2,14,52,30.99,22
2,14,54,30.58,22
2,14,55,30.16,22
2,14,56,29.79,22
2,14,57,29.38,22
2,14,58,28.99,22
2,15,0,28.59,22
2,15,1,28.22,22
2,15,2,27.83,22
2,15,3,27.45,22
2,15,4,27.07,22
2,15,6,26.7,22
2,15,7,26.36,22
2,15,8,26.02,22
2,15,9,25.69,22
2,15,10,25.4,22
2,15,11,25.12,22
2,15,13,24.87,22
2,15,14,24.66,22
2,15,15,24.45,22
2,15,16,24.27,22
2,15,17,24.11,22
2,15,18,23.96,22
2,15,20,23.85,22
2,15,21,23.73,22
2,15,22,23.62,22
2,15,23,23.53,22
2,15,24,23.45,22
2,15,26,23.37,22
2,15,27,23.3,22
2,15,28,23.24,22
2,15,29,23.19,22
2,15,30,23.14,22
2,15,31,23.09,22
2,15,33,23.05,22
2,15,34,23.02,22
2,15,35,22.98,22
2,15,36,22.94,22
2,15,37,22.91,22
2,15,39,22.88,22
2,15,40,22.85,22
2,15,41,22.83,22
2,15,42,22.8,22
2,15,43,22.77,22
2,15,44,22.75,22
2,15,46,22.73,22
2,15,47,22.7,22
2,15,48,22.68,22
2,15,49,22.66,22
2,15,50,22.64,22
2,15,52,22.62,22
2,15,53,22.6,22
2,15,54,22.58,22
2,15,55,22.57,22
2,15,56,22.54,22
2,15,57,22.53,22
2,15,59,22.51,22
2,16,0,22.49,22
2,16,1,22.48,22
2,16,2,22.46,22
2,16,3,22.44,22
2,16,5,22.42,22
2,16,6,22.41,22
2,16,7,22.4,22
2,16,8,22.38,22
2,16,9,22.37,22
2,16,10,22.35,22
2,16,12,22.34,22
2,16,13,22.33,22
2,16,14,22.31,22
2,16,15,22.3,22
2,16,16,22.28,22
2,16,18,22.27,22
2,16,19,22.26,22
2,16,20,22.25,22
2,16,21,22.24,22
2,16,22,22.23,22
2,16,24,22.21,22
2,16,25,22.2,22
2,16,26,22.2,22
2,16,27,22.18,22
2,16,28,22.17,22
2,16,29,22.16,22
2,16,31,22.15,22
2,16,32,22.14,22
2,16,33,22.14,22
2,16,34,22.13,22
2,16,35,22.12,22
2,16,37,22.11,22
2,16,38,22.1,22
2,16,39,22.09,22
2,16,40,22.09,22
2,16,41,22.08,22
2,16,42,22.07,22
2,16,44,22.06,22
2,16,45,22.06,22
2,16,46,22.05,22
2,16,47,22.04,22
2,16,48,22.04,22
2,16,49,22.03,22
2,16,51,22.02,22
2,16,52,22.02,22
2,16,53,22.01,22
2,16,54,22,22
2,16,55,22,22
2,16,57,21.99,22
2,16,58,21.99,22
2,16,59,21.98,22
2,17,0,21.98,22
2,17,1,21.97,22
2,17,2,21.97,22
2,17,4,21.96,22
2,17,5,21.96,22
2,17,6,21.96,22
2,17,7,21.95,22
2,17,8,21.95,22
2,17,10,21.94,22
2,17,12,21.94,22
2,17,13,21.93,22
2,17,14,21.93,22
2,17,15,21.93,22
2,17,16,21.92,22
2,17,17,21.92,22
2,17,19,21.92,22
2,17,20,21.91,22
2,17,21,21.91,22
2,17,22,21.91,22
2,17,23,21.91,22
2,17,25,21.9,22
2,17,26,21.9,22
2,17,27,21.9,22
2,17,28,21.9,22
2,17,29,21.89,22
2,17,30,21.89,22
2,17,32,21.89,22
2,17,33,21.89,22
2,17,34,21.88,22
2,17,35,21.88,22
2,17,36,21.88,22
2,17,38,21.88,22
2,17,39,21.88,22
2,17,40,21.88,22
2,17,41,21.88,22
2,17,42,21.87,22
2,17,44,21.87,22
2,17,45,21.87,22
2,17,46,21.87,22
2,17,47,21.87,22
2,17,49,21.86,22
2,17,50,21.86,22
2,17,51,21.86,22
2,17,52,21.86,22
2,17,53,21.86,22
2,17,55,21.86,22
2,17,56,21.86,22
2,17,57,21.86,22
2,17,58,21.86,22
2,17,59,21.86,22
2,18,0,21.85,22
2,18,2,21.85,22
2,18,3,21.85,22
2,18,4,21.85,22
2,18,5,21.85,22
2,18,6,21.85,22
2,18,8,21.85,22
2,18,9,21.85,22
2,18,10,21.85,22
2,18,11,21.85,22
2,18,12,21.85,22
2,18,14,21.84,22
2,18,15,21.84,22
2,18,16,21.84,22
2,18,17,21.84,22
2,18,18,21.84,22
2,18,19,21.84,22
2,18,21,21.84,22
2,18,22,21.84,22
2,18,23,21.84,22
2,18,24,21.84,22
2,18,25,21.84,22
2,18,27,21.84,22
2,18,28,21.84,22
2,18,29,21.84,22
2,18,30,21.84,22
2,18,31,21.84,22
2,18,32,21.84,22
2,18,34,21.84,22
2,18,35,21.84,22
2,18,36,21.84,22
2,18,37,21.84,22
2,18,39,21.84,22
2,18,40,21.84,22
2,18,41,21.84,22
2,18,42,21.84,22
2,18,43,21.84,22
2,18,44,21.84,22
2,18,46,21.84,22
2,18,47,21.84,22
2,18,48,21.83,22
2,18,49,21.83,22
2,18,50,21.83,22
2,18,52,21.84,22
2,18,53,21.83,22
2,18,54,21.83,22
2,18,55,21.83,22
2,18,56,21.83,22
2,18,57,21.83,22
2,18,59,21.84,22
2,19,0,21.84,22
2,19,1,21.84,22
2,19,2,21.83,22
2,19,3,21.84,22
2,19,4,21.84,22
2,19,6,21.84,22
2,19,7,21.84,22
2,19,8,21.84,22
2,19,9,21.83,22
2,19,10,21.83,22
2,19,11,21.83,22
2,19,13,21.84,22
2,19,14,21.83,22
2,19,15,21.83,22
2,19,16,21.83,22
2,19,17,21.84,22
2,19,19,21.84,22
2,19,20,21.84,22
2,19,21,21.84,22
2,19,22,21.84,22
2,19,23,21.84,22
2,19,24,21.84,22
2,19,26,21.84,22
2,19,27,21.84,22
2,19,28,21.84,22
2,19,29,21.84,22
2,19,30,21.84,22
2,19,32,21.84,22
2,19,33,21.84,22
2,19,34,21.84,22
2,19,35,21.84,22
2,19,36,21.84,22
2,19,37,21.84,22
2,19,39,21.84,22
2,19,40,21.84,22
2,19,41,21.84,22
2,19,42,21.84,22
2,19,43,21.84,22
2,19,45,21.84,22
2,19,46,21.84,22
2,19,47,21.84,22
2,19,48,21.84,22
2,19,49,21.84,22
2,19,50,21.84,22
2,19,52,21.84,22
2,19,53,21.84,22
2,19,54,21.84,22
2,19,55,21.84,22
2,19,56,21.84,22
2,19,58,21.84,22
2,19,59,21.84,22
2,20,0,21.85,22
2,20,1,21.85,22
2,20,2,21.85,22
2,20,3,21.85,22
2,20,5,21.85,22
2,20,6,21.85,22
2,20,7,21.85,22
2,20,8,21.85,22
2,20,9,21.85,22
2,20,11,21.85,22
2,20,12,21.85,22
2,20,13,21.86,22
2,20,14,21.86,22
2,20,15,21.86,22
2,20,16,21.85,22
2,20,18,21.86,22
2,20,19,21.86,22
2,20,20,21.86,22
2,20,21,21.86,22
2,20,22,21.86,22
2,20,24,21.86,22
2,20,25,21.86,22
2,20,26,21.86,22
2,20,27,21.86,22
2,20,28,21.86,22
2,20,29,21.86,22
2,20,31,21.86,22
2,20,32,21.86,22
2,20,33,21.86,22
2,20,34,21.86,22
2,20,35,21.86,22
2,20,36,21.86,22
2,20,38,21.86,22
2,20,39,21.86,22
2,20,40,21.86,22
2,20,41,21.86,22
2,20,42,21.86,22
2,20,44,21.86,22
2,20,45,21.86,22
2,20,46,21.86,22
2,20,47,21.87,22
2,20,48,21.87,22
2,20,49,21.87,22
2,20,51,21.87,22
2,20,52,21.87,22
2,20,53,21.87,22
2,20,54,21.87,22
2,20,55,21.87,22
2,20,57,21.87,22
2,20,58,21.87,22
2,20,59,21.87,22
2,21,0,21.87,22
2,21,1,21.87,22
2,21,2,21.87,22
2,21,4,21.87,22
2,21,5,21.87,22
2,21,6,21.87,22
2,21,7,21.87,22
2,21,8,21.87,22
2,21,9,21.87,22
2,21,11,21.87,22
2,21,12,21.87,22
2,21,13,21.87,22
2,21,14,21.87,22
2,21,15,21.87,22
2,21,16,21.87,22
2,21,17,21.87,22
2,21,19,21.87,22
2,21,20,21.87,22
2,21,21,21.88,22
2,21,22,21.88,22
2,21,23,21.88,22
2,21,25,21.88,22
2,21,26,21.88,22
2,21,27,21.88,22
2,21,28,21.88,22
2,21,29,21.88,22
2,21,31,21.88,22
2,21,32,21.88,22
2,21,33,21.88,22
2,21,34,21.88,22
2,21,35,21.88,22
2,21,36,21.88,22
2,21,38,21.88,22
2,21,39,21.88,22
2,21,40,21.88,22
2,21,41,21.88,22
2,21,42,21.88,22
2,21,44,21.88,22
2,21,45,21.88,22
2,21,46,21.88,22
2,21,47,21.88,22
2,21,48,21.88,22
2,21,49,21.88,22
2,21,51,21.88,22
2,21,52,21.88,22
2,21,53,21.88,22
2,21,54,21.89,22
2,21,55,21.89,22
2,21,56,21.89,22
2,21,58,21.89,22
2,21,59,21.89,22
2,22,0,21.89,22
2,22,1,21.89,22
2,22,2,21.89,22
2,22,4,21.89,22
2,22,5,21.89,22
2,22,6,21.89,22
2,22,7,21.89,22
2,22,8,21.89,22
2,22,9,21.89,22
2,22,11,21.89,22
2,22,12,21.89,22
2,22,13,21.89,22
2,22,14,21.89,22
2,22,15,21.89,22
2,22,17,21.89,22
2,22,18,21.89,22
2,22,19,21.89,22
2,22,20,21.89,22
2,22,21,21.89,22
2,22,22,21.9,22
2,22,24,21.9,22
2,22,25,21.9,22
2,22,26,21.9,22
2,22,27,21.9,22
2,22,28,21.9,22
2,22,29,21.9,22
2,22,31,21.9,22
2,22,32,21.9,22
2,22,33,21.89,22
2,22,34,21.9,22
2,22,35,21.9,22
2,22,37,21.9,22
2,22,38,21.9,22
2,22,39,21.9,22
2,22,40,21.89,22
2,22,41,21.89,22
2,22,42,21.9,22
2,22,44,21.9,22
2,22,45,21.9,22
2,22,46,21.9,22
2,22,47,21.89,22
2,22,48,21.9,22
2,22,49,21.9,22
2,22,51,21.9,22
2,22,52,21.9,22
2,22,53,21.9,22
2,22,54,21.9,22
2,22,55,21.9,22
2,22,56,21.9,22
2,22,58,21.9,22
2,22,59,21.9,22
2,23,0,21.9,22
2,23,1,21.9,22
2,23,2,21.9,22
2,23,3,21.9,22
2,23,5,21.9,22
2,23,6,21.9,22
2,23,7,21.9,22
2,23,8,21.9,22
2,23,9,21.9,22
2,23,10,21.9,22
2,23,12,21.9,22
2,23,13,21.9,22
2,23,14,21.9,22
2,23,15,21.9,22
2,23,16,21.9,22
2,23,18,21.91,22
2,23,19,21.91,22
2,23,20,21.91,22
2,23,21,21.9,22
2,23,22,21.91,22
2,23,23,21.91,22
2,23,25,21.91,22
2,23,26,21.91,22
2,23,27,21.91,22
2,23,28,21.91,22
2,23,29,21.91,22
2,23,31,21.91,22
2,23,32,21.91,22
2,23,33,21.91,22
2,23,34,21.91,22
2,23,35,21.91,22
2,23,36,21.91,22
2,23,38,21.91,22
2,23,39,21.91,22
2,23,40,21.91,22
2,23,41,21.91,22
2,23,42,21.91,22
2,23,44,21.91,22
2,23,45,21.91,22
2,23,46,21.91,22
2,23,47,21.91,22
2,23,48,21.91,22
2,23,49,21.91,22
2,23,51,21.91,22
2,23,52,21.91,22
2,23,53,21.91,22
2,23,54,21.91,22
2,23,55,21.91,22
2,23,56,21.91,22
2,23,58,21.91,22
2,23,59,21.92,22
2,24,0,21.92,22
2,24,1,21.92,22
2,24,2,21.92,22
2,24,4,21.92,22
2,24,5,21.92,22
2,24,6,21.92,22
2,24,7,21.92,22
2,24,8,21.92,22
2,24,9,21.92,22
2,24,11,21.92,22
2,24,12,21.92,22
2,24,13,21.92,22
2,24,14,21.92,22
2,24,15,21.91,22
2,24,17,21.92,22
2,24,18,21.92,22
2,24,19,21.92,22
2,24,20,21.92,22
2,24,21,21.92,22
2,24,22,21.91,22
2,24,24,21.92,22
2,24,25,21.92,22
2,24,26,21.92,22
2,24,27,21.92,22
2,24,28,21.92,22
2,24,29,21.92,22
2,24,31,21.92,22
2,24,32,21.92,22
2,24,33,21.92,22
2,24,34,21.92,22
2,24,35,21.92,22
2,24,37,21.92,22
2,24,38,21.92,22
2,24,39,21.92,22
2,24,40,21.92,22
2,24,41,21.92,22
2,24,43,21.92,22
2,24,44,21.92,22
2,24,45,21.92,22
2,24,46,21.92,22
2,24,47,21.92,22
2,24,49,21.92,22
2,24,50,21.92,22
2,24,51,21.92,22
2,24,52,21.93,22
2,24,53,21.93,22
2,24,54,21.93,22
2,24,56,21.92,22
2,24,57,21.93,22
2,24,58,21.93,22
2,24,59,21.93,22
2,25,0,21.93,22
2,25,2,21.93,22
2,25,3,21.93,22
2,25,4,21.93,22
2,25,5,21.93,22
2,25,6,21.93,22
2,25,8,21.93,22
2,25,9,21.93,22
2,25,10,21.93,22
2,25,11,21.93,22
2,25,12,21.93,22
2,25,13,21.93,22
2,25,15,21.93,22
2,25,16,21.93,22
2,25,17,21.93,22
2,25,18,21.93,22
2,25,19,21.93,22
2,25,20,21.93,22
2,25,22,21.93,22
2,25,23,21.93,22
2,25,24,21.93,22
2,25,25,21.93,22
2,25,26,21.93,22
2,25,27,21.93,22
2,25,29,21.93,22
2,25,30,21.93,22
2,25,31,21.93,22
2,25,32,21.93,22
2,25,33,21.93,22
2,25,35,21.93,22
2,25,36,21.93,22
2,25,37,21.93,22
2,25,38,21.93,22
2,25,39,21.94,22
2,25,40,21.94,22
2,25,42,21.94,22
2,25,43,21.94,22
2,25,44,21.94,22
2,25,45,21.94,22
2,25,46,21.94,22
2,25,48,21.94,22
2,25,49,21.94,22
2,25,50,21.94,22
2,25,51,21.94,22
2,25,52,21.94,22
2,25,54,21.94,22
2,25,55,21.94,22
2,25,56,21.93,22
2,25,57,21.93,22
2,25,58,21.94,22
2,25,59,21.94,22
2,26,1,21.94,22
2,26,2,21.94,22
2,26,3,21.94,22
2,26,4,21.94,22
2,26,6,21.94,22
2,26,7,21.94,22
2,26,8,21.94,22
2,26,9,21.94,22
2,26,10,21.94,22
2,26,11,21.94,22
2,26,13,21.94,22
2,26,14,21.94,22
2,26,15,21.93,22
2,26,16,21.94,22
2,26,17,21.94,22
2,26,19,21.94,22
2,26,20,21.94,22
2,26,21,21.94,22
2,26,22,21.94,22
2,26,23,21.94,22
2,26,24,21.94,22
2,26,26,21.94,22
2,26,27,21.94,22
2,26,28,21.94,22
2,26,29,21.94,22
2,26,30,21.94,22
2,26,31,21.94,22
2,26,33,21.94,22
2,26,34,21.94,22
2,26,35,21.94,22
2,26,36,21.94,22
2,26,37,21.94,22
2,26,39,21.94,22
2,26,40,21.94,22
2,26,41,21.94,22
2,26,42,21.94,22
2,26,43,21.94,22
2,26,44,21.94,22
2,26,46,21.94,22
2,26,47,21.94,22
2,26,48,21.94,22
2,26,49,21.94,22
2,26,50,21.94,22
2,26,52,21.94,22
2,26,53,21.94,22
2,26,54,21.94,22
2,26,55,21.94,22
2,26,56,21.94,22
2,26,57,21.94,22
2,26,59,21.94,22
2,27,0,21.94,22
2,27,1,21.94,22
2,27,2,21.94,22
2,27,3,21.94,22
2,27,5,21.94,22
2,27,6,21.94,22
2,27,7,21.94,22
2,27,8,21.94,22
2,27,9,21.94,22
2,27,10,21.95,22
2,27,12,21.95,22
2,27,13,21.95,22
2,27,14,21.95,22
2,27,15,21.95,22
2,27,16,21.95,22
2,27,17,21.95,22
2,27,19,21.95,22
2,27,20,21.95,22
2,27,21,21.95,22
2,27,22,21.95,22
2,27,23,21.95,22
2,27,25,21.95,22
2,27,27,21.95,22
2,27,28,21.95,22
2,27,29,21.94,22
2,27,30,21.95,22
2,27,32,21.95,22
2,27,33,21.95,22
2,27,34,21.95,22
2,27,35,21.95,22
2,27,36,21.95,22
2,27,37,21.95,22
2,27,39,21.95,22
2,27,40,21.96,22
2,27,41,21.96,22
2,27,42,21.96,22
2,27,43,21.96,22
2,27,45,21.96,22
2,27,46,21.96,22
2,27,47,21.96,22
2,27,48,21.96,22
2,27,49,21.95,22
2,27,51,21.96,22
2,27,52,21.96,22
2,27,53,21.96,22
2,27,54,21.96,22
2,27,55,21.96,22
2,27,57,21.96,22
2,27,58,21.96,22
2,27,59,21.96,22
2,28,0,21.96,22
2,28,1,21.96,22
2,28,2,21.95,22
2,28,3,21.95,22
2,28,5,21.95,22
2,28,6,21.95,22
2,28,7,21.95,22
2,28,8,21.95,22
2,28,9,21.95,22
2,28,10,21.95,22
2,28,12,21.95,22
2,28,13,21.95,22
2,28,14,21.95,22
2,28,15,21.95,22
2,28,16,21.94,22
2,28,18,21.94,22
2,28,19,21.94,22
2,28,20,21.94,22
2,28,21,21.95,22
2,28,22,21.95,22
2,28,23,21.95,22
2,28,25,21.95,22
2,28,26,21.95,22
2,28,27,21.95,22
2,28,28,21.95,22
2,28,29,21.95,22
2,28,30,21.95,22
2,28,32,21.95,22
2,28,33,21.95,22
2,28,34,21.95,22
2,28,35,21.96,22
2,28,36,21.96,22
2,28,37,21.96,22
2,28,39,21.96,22
2,28,40,21.96,22
2,28,41,21.96,22
2,28,42,21.96,22
2,28,43,21.96,22
2,28,44,21.96,22
2,28,46,21.96,22
2,28,47,21.96,22
2,28,48,21.96,22
2,28,49,21.96,22
2,28,50,21.96,22
2,28,51,21.95,22
2,28,53,21.95,22
2,28,54,21.95,22
2,28,55,21.95,22
2,28,56,21.95,22
2,28,57,21.95,22
2,28,58,21.95,22
2,29,0,21.95,22
2,29,1,21.95,22
2,29,2,21.95,22
2,29,3,21.95,22
2,29,4,21.95,22
2,29,6,21.95,22
2,29,7,21.95,22
2,29,8,21.95,22
2,29,9,21.95,22
2,29,10,21.95,22
2,29,11,21.95,22
2,29,13,21.95,22
2,29,14,21.95,22
2,29,15,21.95,22
2,29,16,21.95,22
2,29,17,21.95,22
2,29,18,21.95,22
2,29,20,21.95,22
2,29,21,21.95,22
2,29,22,21.95,22
2,29,23,21.95,22
2,29,24,21.95,22
2,29,25,21.95,22
2,29,27,21.95,22
2,29,28,21.95,22
2,29,29,21.95,22
2,29,30,21.95,22
2,29,31,21.96,22
2,29,32,21.96,22
2,29,34,21.96,22
2,29,35,21.96,22
2,29,36,21.96,22
2,29,37,21.96,22
2,29,38,21.96,22
2,29,39,21.96,22
2,29,41,21.96,22
2,29,42,21.96,22
2,29,43,21.96,22
2,29,44,21.96,22
2,29,45,21.97,22
2,29,46,21.97,22
2,29,48,21.97,22
2,29,49,21.97,22
2,29,50,21.97,22
2,29,51,21.97,22
2,29,52,21.97,22
2,29,54,21.97,22
2,29,55,21.97,22
2,29,56,21.97,22
2,29,57,21.97,22
2,29,58,21.97,22
2,29,59,21.97,22
2,30,1,21.97,22
2,30,2,21.97,22
2,30,3,21.96,22
2,30,4,21.96,22
2,30,5,21.96,22
2,30,6,21.97,22
2,30,8,21.97,22
2,30,9,21.97,22
2,30,10,21.97,22
2,30,11,21.97,22
2,30,12,21.97,22
2,30,13,21.97,22
2,30,15,21.97,22
2,30,16,21.97,22
2,30,17,21.97,22
2,30,18,21.97,22
2,30,19,21.97,22
2,30,20,21.97,22
2,30,22,21.97,22
2,30,23,21.97,22
2,30,24,21.96,22
2,30,25,21.96,22
2,30,26,21.96,22
2,30,28,21.96,22
2,30,29,21.96,22
2,30,30,21.96,22
2,30,31,21.96,22
2,30,32,21.97,22
2,30,33,21.97,22
2,30,35,21.97,22
2,30,36,21.97,22
2,30,37,21.97,22
2,30,38,21.97,22
2,30,39,21.97,22
2,30,40,21.97,22
2,30,42,21.97,22
2,30,43,21.97,22
2,30,44,21.97,22
2,30,45,21.97,22
2,30,46,21.97,22
2,30,48,21.97,22
2,30,49,21.97,22
2,30,50,21.97,22
2,30,51,21.96,22
2,30,52,21.96,22
2,30,53,21.96,22
2,30,55,21.96,22
2,30,56,21.96,22
2,30,57,21.96,22
2,30,58,21.96,22
2,30,59,21.96,22
2,31,0,21.97,22
2,31,2,21.97,22
2,31,3,21.97,22
2,31,4,21.97,22
2,31,5,21.97,22
2,31,6,21.97,22
2,31,7,21.97,22
2,31,9,21.97,22
2,31,10,21.97,22
2,31,11,21.97,22
2,31,12,21.97,22
2,31,13,21.97,22
2,31,14,21.97,22
2,31,16,21.97,22
2,31,17,21.97,22
2,31,18,21.97,22
2,31,19,21.96,22
2,31,20,21.96,22
2,31,21,21.97,22
2,31,23,21.97,22
2,31,24,21.97,22
2,31,25,21.97,22
2,31,26,21.97,22
2,31,27,21.97,22
2,31,28,21.97,22
2,31,30,21.97,22
2,31,31,21.97,22
2,31,32,21.97,22
2,31,33,21.97,22
2,31,34,21.97,22
2,31,36,21.97,22
2,31,37,21.97,22
2,31,38,21.97,22
2,31,39,21.96,22
2,31,40,21.96,22
2,31,41,21.97,22
2,31,43,21.97,22
2,31,44,21.97,22
2,31,45,21.97,22
2,31,46,21.97,22
2,31,47,21.97,22
2,31,48,21.97,22
2,31,50,21.98,22
2,31,51,21.98,22
2,31,52,21.98,22
2,31,53,21.98,22
2,31,54,21.98,22
2,31,56,21.98,22
2,31,57,21.98,22
2,31,58,21.98,22
2,31,59,21.98,22
2,32,0,21.98,22
2,32,2,21.98,22
2,32,3,21.98,22
2,32,4,21.98,22
2,32,5,21.98,22
2,32,6,21.97,22
2,32,7,21.97,22
2,32,9,21.97,22
2,32,10,21.97,22
2,32,11,21.97,22
2,32,12,21.97,22
2,32,13,21.97,22
2,32,14,21.97,22
2,32,16,21.97,22
2,32,17,21.97,22
2,32,18,21.97,22
2,32,19,21.97,22
2,32,20,21.96,22
2,32,22,21.96,22
2,32,23,21.97,22
2,32,24,21.97,22
2,32,25,21.97,22
2,32,26,21.98,22
2,32,28,21.98,22
2,32,29,21.98,22
2,32,30,21.98,22
2,32,31,21.98,22
2,32,32,21.98,22
2,32,33,21.98,22
2,32,35,21.97,22
2,32,36,21.97,22
2,32,37,21.97,22
2,32,38,21.97,22
2,32,39,21.97,22
2,32,40,21.97,22
2,32,42,21.97,22
2,32,43,21.97,22
2,32,44,21.97,22
2,32,45,21.97,22
2,32,46,21.97,22
2,32,48,21.97,22
2,32,49,21.97,22
2,32,50,21.97,22
2,32,51,21.97,22
2,32,52,21.96,22
2,32,53,21.96,22
2,32,55,21.96,22
2,32,56,21.96,22
2,32,57,21.97,22
2,32,58,21.97,22
2,32,59,21.97,22
2,33,0,21.97,22
2,33,2,21.97,22
2,33,3,21.97,22
2,33,4,21.97,22
2,33,5,21.97,22
2,33,6,21.97,22
2,33,7,21.97,22
2,33,9,21.97,22
2,33,10,21.97,22
2,33,11,21.97,22
2,33,12,21.97,22
2,33,13,21.97,22
2,33,14,21.97,22
2,33,16,21.97,22
2,33,17,21.97,22
2,33,18,21.97,22
2,33,19,21.97,22
2,33,20,21.97,22
2,33,21,21.97,22
2,33,23,21.97,22
2,33,24,21.97,22
2,33,25,21.97,22
2,33,26,21.98,22
2,33,27,21.98,22
2,33,29,21.98,22
2,33,30,21.98,22
2,33,31,21.98,22
2,33,32,21.98,22
2,33,33,21.98,22
2,33,34,21.98,22
2,33,36,21.98,22
2,33,37,21.98,22
2,33,38,21.98,22
2,33,39,21.97,22
2,33,40,21.97,22
2,33,42,21.97,22
2,33,43,21.97,22
2,33,44,21.98,22
2,33,45,21.98,22
2,33,46,21.98,22
2,33,47,21.98,22
2,33,49,21.98,22
2,33,50,21.98,22
2,33,51,21.98,22
2,33,52,21.98,22
2,33,53,21.98,22
2,33,54,21.98,22
2,33,56,21.98,22
2,33,57,21.97,22
2,33,58,21.97,22
2,33,59,21.97,22
2,34,0,21.97,22
2,34,2,21.97,22
2,34,3,21.97,22
2,34,4,21.97,22
2,34,5,21.97,22
2,34,6,21.97,22
2,34,7,21.97,22
2,34,9,21.97,22
2,34,10,21.97,22
2,34,11,21.97,22
2,34,12,21.97,22
2,34,13,21.97,22
2,34,14,21.97,22
2,34,16,21.97,22
2,34,17,21.97,22
2,34,18,21.96,22
2,34,19,21.97,22
2,34,20,21.97,22
2,34,21,21.97,22
2,34,23,21.97,22
2,34,24,21.98,22
2,34,25,21.98,22
2,34,26,21.98,22
2,34,27,21.99,22
2,34,29,21.99,22
2,34,30,21.99,22
2,34,31,21.99,22
2,34,32,21.99,22
2,34,33,21.99,22
2,34,35,21.99,22
2,34,36,21.99,22
2,34,37,21.99,22
2,34,38,21.98,22
2,34,39,21.98,22
2,34,40,21.98,22
2,34,42,21.98,22
2,34,43,21.98,22
2,34,44,21.98,22
2,34,45,21.98,22
2,34,46,21.98,22
2,34,47,21.98,22
2,34,49,21.98,22
2,34,50,21.98,22
2,34,51,21.98,22
2,34,52,21.98,22
2,34,53,21.97,22
2,34,54,21.97,22
2,34,56,21.97,22
2,34,57,21.97,22
2,34,58,21.97,22
2,34,59,21.97,22
2,35,0,21.98,22
2,35,2,21.98,22
2,35,3,21.98,22
2,35,4,21.98,22
2,35,5,21.98,22
2,35,6,21.98,22
2,35,7,21.98,22
2,35,9,21.98,22
2,35,10,21.98,22
2,35,11,21.98,22
2,35,12,21.98,22
2,35,13,21.97,22
2,35,14,21.97,22
2,35,16,21.97,22
2,35,17,21.97,22
2,35,18,21.97,22
2,35,19,21.97,22
2,35,20,21.97,22
2,35,21,21.98,22
2,35,23,21.98,22
2,35,24,21.98,22
2,35,25,21.98,22
2,35,26,21.98,22
2,35,27,21.98,22
2,35,29,21.98,22
2,35,30,21.98,22
2,35,31,21.98,22
2,35,32,21.98,22
2,35,33,21.98,22
2,35,34,21.98,22
2,35,36,21.98,22
2,35,37,21.98,22
2,35,38,21.97,22
2,35,39,21.97,22
2,35,40,21.97,22
2,35,42,21.97,22
2,35,43,21.97,22
2,35,44,21.98,22
2,35,45,21.98,22
2,35,46,21.98,22
2,35,47,21.98,22
2,35,49,21.98,22
2,35,50,21.98,22
2,35,51,21.98,22
2,35,52,21.98,22
2,35,53,21.98,22
2,35,55,21.98,22
2,35,56,21.98,22
2,35,57,21.98,22
2,35,58,21.98,22
2,35,59,21.98,22
2,36,0,21.98,22
2,36,2,21.98,22
2,36,3,21.97,22
2,36,4,21.97,22
2,36,5,21.97,22
2,36,6,21.97,22
2,36,7,21.97,22
2,36,9,21.98,22
2,36,10,21.98,22
2,36,11,21.98,22
2,36,12,21.98,22
2,36,13,21.98,22
2,36,15,21.98,22
2,36,16,21.98,22
2,36,17,21.99,22
2,36,18,21.99,22
2,36,19,21.99,22
2,36,20,21.99,22
2,36,22,21.99,22
2,36,23,21.99,22
2,36,24,21.99,22
2,36,25,21.99,22
2,36,26,21.99,22
2,36,27,21.99,22
2,36,29,21.99,22
2,36,30,21.98,22
2,36,31,21.98,22
2,36,32,21.98,22
2,36,33,21.98,22
2,36,34,21.98,22
2,36,36,21.98,22
2,36,37,21.98,22
2,36,38,21.98,22
2,36,39,21.98,22
2,36,40,21.98,22
2,36,42,21.98,22
2,36,43,21.98,22
2,36,44,21.98,22
2,36,45,21.98,22
2,36,46,21.98,22
2,36,47,21.98,22
2,36,49,21.98,22
2,36,50,21.98,22
2,36,51,21.98,22
2,36,52,21.98,22
2,36,53,21.98,22
2,36,54,21.98,22
2,36,56,21.97,22
2,36,57,21.97,22
2,36,58,21.98,22
2,36,59,21.98,22
2,37,0,21.98,22
2,37,2,21.98,22
2,37,3,21.98,22
2,37,4,21.98,22
2,37,5,21.99,22
2,37,6,21.99,22
2,37,8,21.99,22
2,37,9,21.99,22
2,37,10,21.99,22
2,37,11,21.99,22
2,37,12,21.99,22
2,37,13,21.99,22
2,37,15,21.99,22
2,37,16,21.99,22
2,37,17,21.99,22
2,37,18,21.99,22
2,37,19,21.99,22
2,37,20,21.99,22
2,37,22,21.99,22
2,37,23,21.98,22
2,37,24,21.98,22
2,37,25,21.98,22
2,37,26,21.98,22
2,37,27,21.98,22
2,37,29,21.99,22
2,37,30,21.99,22
2,37,31,21.99,22
2,37,32,21.99,22
2,37,33,21.99,22
2,37,34,21.99,22
2,37,36,21.99,22
2,37,37,21.99,22
2,37,38,21.99,22
2,37,39,21.99,22
2,37,40,21.99,22
2,37,41,21.99,22
2,37,43,21.99,22
2,37,44,21.98,22
2,37,45,21.98,22
2,37,46,21.98,22
2,37,47,21.98,22
2,37,49,21.99,22
2,37,50,21.99,22
2,37,51,21.99,22
2,37,52,21.99,22
2,37,54,21.99,22
2,37,55,21.99,22
2,37,56,21.99,22
2,37,57,21.99,22
2,37,58,21.99,22
2,37,59,21.99,22
2,38,1,21.98,22
2,38,2,21.98,22
2,38,3,21.98,22
2,38,4,21.98,22
2,38,5,21.98,22
2,38,6,21.98,22
2,38,8,21.98,22
2,38,9,21.98,22
2,38,10,21.98,22
2,38,11,21.98,22
2,38,12,21.98,22
2,38,13,21.98,22
2,38,15,21.98,22
2,38,16,21.98,22
2,38,17,21.98,22
2,38,18,21.98,22
2,38,19,21.98,22
2,38,20,21.98,22
2,38,22,21.98,22
2,38,23,21.98,22
2,38,24,21.97,22
2,38,25,21.98,22
2,38,26,21.98,22
2,38,28,21.98,22
2,38,29,21.99,22
2,38,30,21.99,22
2,38,31,21.99,22
2,38,32,21.99,22
2,38,33,21.99,22
2,38,34,22,22
2,38,36,21.99,22
2,38,37,21.99,22
2,38,38,21.99,22
2,38,39,21.99,22
2,38,40,21.99,22
2,38,42,22,22
2,38,43,22,22
2,38,44,22,22
2,38,45,22,22
2,38,46,22,22
2,38,47,22,22
2,38,49,22,22
2,38,50,22,22
2,38,51,22,22
2,38,52,22,22
2,38,53,22,22
2,38,54,21.99,22
2,38,56,21.99,22
2,38,57,21.99,22
2,38,58,21.99,22
2,38,59,21.99,22
2,39,0,21.99,22
2,39,2,21.99,22
2,39,3,21.99,22
2,39,4,21.99,22
2,39,5,21.99,22
2,39,6,21.99,22
2,39,7,21.99,22
2,39,9,21.99,22
2,39,10,21.98,22
2,39,11,21.98,22
2,39,12,21.98,22
2,39,13,21.99,22
2,39,15,21.99,22
2,39,16,21.99,22
2,39,17,21.99,22
2,39,18,21.99,22
2,39,19,21.99,22
2,39,20,21.99,22
2,39,22,21.99,22
2,39,23,21.99,22
2,39,24,21.99,22
2,39,25,21.99,22
2,39,26,21.99,22
2,39,27,21.98,22
2,39,29,21.98,22
2,39,30,21.98,22
2,39,31,21.98,22
2,39,32,21.98,22
2,39,33,21.98,22
2,39,34,21.98,22
2,39,36,21.98,22
2,39,37,21.98,22
2,39,38,21.98,22
2,39,39,21.98,22
2,39,40,21.98,22
2,39,41,21.98,22
2,39,43,21.98,22
2,39,44,21.98,22
2,39,45,21.98,22
2,39,46,21.98,22
2,39,47,21.98,22
2,39,48,21.98,22
2,39,50,21.98,22
2,39,51,21.98,22
2,39,52,21.98,22
2,39,53,21.98,22
2,39,54,21.98,22
2,39,55,21.98,22
2,39,57,21.98,22
2,39,58,21.98,22
2,39,59,21.98,22
2,40,0,21.98,22
2,40,1,21.98,22
2,40,3,21.98,22
2,40,4,21.98,22
2,40,5,21.98,22
2,40,6,21.98,22
2,40,7,21.98,22
2,40,8,21.98,22
2,40,9,21.98,22
2,40,11,21.98,22
2,40,12,21.99,22
2,40,13,22,22
2,40,14,22,22
2,40,15,22,22
2,40,16,22,22
2,40,18,22.01,22
2,40,19,22.01,22
2,40,20,22.01,22
2,40,21,22.01,22
2,40,22,22.01,22
2,40,24,22,22
2,40,25,22,22
2,40,26,22,22
2,40,27,22,22
2,40,28,22,22
2,40,29,22,22
2,40,30,22,22
2,40,32,22,22
2,40,33,22,22
2,40,34,22,22
2,40,35,22,22
2,40,36,21.99,22
2,40,37,21.99,22
2,40,39,21.99,22
2,40,40,21.99,22
2,40,41,21.99,22
2,40,42,21.99,22
2,40,43,21.99,22
2,40,44,21.99,22
2,40,46,21.99,22
2,40,47,21.99,22
2,40,48,21.99,22
2,40,49,21.99,22
2,40,50,21.98,22
2,40,51,21.98,22
2,40,53,21.98,22
2,40,54,21.99,22
2,40,55,21.99,22
2,40,56,21.99,22
2,40,57,21.99,22
2,40,59,21.99,22
2,41,0,22,22
2,41,1,22,22
2,41,2,22,22
2,41,3,22,22
2,41,4,22,22
2,41,6,22,22
2,41,7,22,22
2,41,8,22,22
2,41,9,21.99,22
2,41,10,21.99,22
2,41,11,21.99,22
2,41,13,21.99,22
2,41,14,21.99,22
2,41,15,22,22
2,41,16,22,22
2,41,17,22,22
2,41,18,22,22
2,41,20,22,22
2,41,21,22,22
2,41,22,22,22
2,41,23,22,22
2,41,24,22,22
2,41,25,21.99,22
2,41,27,21.99,22
2,41,28,21.99,22
2,41,29,21.99,22
2,41,30,21.99,22
2,41,31,21.99,22
2,41,32,21.99,22
2,41,34,21.99,22
2,41,35,21.99,22
2,41,36,21.99,22
2,41,37,21.99,22
2,41,38,21.99,22
2,41,39,21.99,22
2,41,41,21.98,22
2,41,42,21.98,22
2,41,43,21.98,22
2,41,44,21.98,22
2,41,45,21.98,22
2,41,46,21.99,22
2,41,48,21.99,22
2,41,49,21.99,22
2,41,50,21.99,22
2,41,51,21.99,22
2,41,52,21.99,22
2,41,53,22,22
2,41,55,22,22
2,41,56,22,22
2,41,57,22,22
2,41,58,22,22
2,41,59,22,22
2,42,0,22,22
2,42,2,22,22
2,42,3,22,22
2,42,4,22,22
2,42,5,22,22
2,42,6,21.99,22
2,42,7,21.99,22
2,42,9,21.99,22
2,42,10,21.99,22
2,42,11,21.99,22
2,42,12,21.99,22
2,42,13,21.99,22
2,42,14,21.99,22
2,42,16,21.99,22
2,42,17,21.99,22
2,42,18,21.99,22
2,42,19,21.99,22
2,42,20,21.99,22
2,42,21,21.99,22
2,42,23,21.99,22
2,42,24,21.98,22
2,42,25,21.98,22
2,42,26,21.98,22
2,42,27,21.98,22
2,42,28,21.99,22
2,42,30,21.99,22
2,42,31,21.99,22
2,42,32,21.99,22
2,42,33,21.99,22
2,42,34,21.99,22
2,42,35,21.99,22
2,42,37,21.99,22
2,42,38,21.99,22
2,42,39,21.99,22
2,42,40,21.99,22
2,42,41,21.99,22
2,42,42,21.99,22
2,42,44,21.99,22
2,42,45,21.99,22
2,42,46,21.99,22
2,42,47,21.99,22
2,42,48,21.99,22
2,42,50,22,22
2,42,51,22,22
2,42,52,22,22
2,42,53,22,22
2,42,54,22,22
2,42,55,22,22
2,42,57,22.01,22
2,42,58,22.01,22
2,42,59,22.01,22
2,43,0,22,22
2,43,1,22.01,22
2,43,3,22.01,22
2,43,4,22.01,22
2,43,5,22.01,22
2,43,6,22.01,22
2,43,7,22.01,22
2,43,8,22.01,22
2,43,10,22.01,22
2,43,11,22.01,22
2,43,12,22,22
2,43,13,22,22
2,43,14,22,22
2,43,16,22,22
2,43,17,22,22
2,43,18,22,22
2,43,19,21.99,22
2,43,20,21.99,22
2,43,21,21.99,22
2,43,23,21.99,22
2,43,24,21.99,22
2,43,25,21.99,22
2,43,26,21.99,22
2,43,27,21.99,22
2,43,29,21.99,22
2,43,30,21.99,22
2,43,31,21.99,22
2,43,32,21.98,22
2,43,33,21.98,22
2,43,34,21.99,22
2,43,36,21.99,22
2,43,37,21.99,22
2,43,38,22,22
2,43,39,22,22
2,43,40,22,22
2,43,42,22,22
2,43,43,22,22
2,43,44,22,22
2,43,45,22,22
2,43,46,22,22
2,43,48,22,22
2,43,49,21.99,22
2,43,50,21.99,22
2,43,51,21.99,22
2,43,52,21.99,22
2,43,53,21.99,22
2,43,55,21.99,22
2,43,56,21.99,22
2,43,57,21.99,22
2,43,58,21.99,22
2,43,59,21.99,22
2,44,1,21.99,22
2,44,2,21.99,22
2,44,3,21.99,22
2,44,4,21.99,22
2,44,5,21.99,22
2,44,6,21.98,22
2,44,8,21.98,22
2,44,9,21.98,22
2,44,10,21.99,22
2,44,11,21.99,22
2,44,12,21.99,22
2,44,13,21.99,22
2,44,15,21.99,22
2,44,16,22,22
2,44,17,22,22
2,44,18,22,22
2,44,19,22,22
2,44,21,22,22
2,44,22,22,22
2,44,23,22,22
2,44,24,22,22
2,44,25,21.99,22
2,44,27,21.99,22
2,44,28,21.99,22
2,44,29,21.99,22
2,44,30,21.99,22
2,44,31,21.99,22
2,44,32,21.99,22
2,44,34,21.99,22
2,44,35,21.99,22
2,44,36,21.99,22
2,44,37,21.99,22
2,44,38,21.99,22
2,44,40,21.98,22
2,44,41,21.98,22
2,44,42,21.99,22
2,44,43,21.99,22
2,44,44,21.99,22
2,44,45,21.99,22
2,44,47,21.99,22
2,44,48,21.99,22
2,44,49,22,22
2,44,50,22,22
2,44,51,22,22
2,44,53,22,22
2,44,54,22,22
2,44,55,22,22
2,44,56,22,22
2,44,57,22,22
2,44,58,22,22
2,45,0,22,22
2,45,1,22,22
2,45,2,22,22
2,45,3,22,22
2,45,4,21.99,22
2,45,6,21.99,22
2,45,7,21.99,22
2,45,8,21.99,22
2,45,9,22,22
2,45,10,22,22
2,45,12,22,22
2,45,13,22,22
2,45,14,22,22
2,45,15,22,22
2,45,16,22,22
2,45,17,22,22
2,45,19,22,22
2,45,20,22,22
2,45,21,22,22
2,45,22,22,22
2,45,23,22,22
2,45,24,21.99,22
2,45,26,21.99,22
2,45,27,21.99,22
2,45,28,21.99,22
2,45,29,22,22
2,45,30,22,22
2,45,32,22,22
2,45,33,22,22
2,45,34,22,22
2,45,35,22,22
2,45,36,22,22
2,45,37,22,22
2,45,39,22,22
2,45,40,21.99,22
2,45,41,21.99,22
2,45,42,21.99,22
2,45,43,21.99,22
2,45,45,21.99,22
2,45,46,21.99,22
2,45,47,21.99,22
2,45,48,21.99,22
2,45,49,21.99,22
2,45,50,21.99,22
2,45,52,21.99,22
2,45,53,21.99,22
2,45,54,21.99,22
2,45,55,21.99,22
2,45,56,21.99,22
2,45,58,21.99,22
2,45,59,21.99,22
2,46,0,21.98,22
2,46,1,21.98,22
2,46,2,21.98,22
2,46,3,21.99,22
2,46,5,21.99,22
2,46,6,21.99,22
2,46,7,21.99,22
2,46,8,21.99,22
2,46,9,22,22
2,46,10,22,22
2,46,12,22,22
2,46,13,22,22
2,46,14,22,22
2,46,15,22,22
2,46,16,22,22
2,46,18,22,22
2,46,19,22,22
2,46,20,22,22
2,46,21,22,22
2,46,22,22,22
2,46,23,22,22
2,46,25,22,22
2,46,26,21.99,22
2,46,27,21.99,22
2,46,28,21.99,22
2,46,29,22,22
2,46,31,22,22
2,46,32,22,22
2,46,33,22,22
2,46,34,22,22
2,46,35,22,22
2,46,36,22,22
2,46,38,22,22
2,46,39,22,22
2,46,40,22,22
2,46,41,22,22
2,46,42,22,22
2,46,44,21.99,22
2,46,45,21.99,22
2,46,46,21.99,22
2,46,47,21.99,22
2,46,48,21.99,22
2,46,50,22,22
2,46,51,22,22
2,46,52,22,22
2,46,53,22,22
2,46,54,22,22
2,46,56,22,22
2,46,57,22,22
2,46,58,22,22
2,46,59,22,22
2,47,0,22,22
2,47,1,22,22
2,47,3,22,22
2,47,4,22,22
2,47,5,22,22
2,47,6,21.99,22
2,47,7,21.99,22
2,47,9,21.99,22
2,47,10,21.99,22
2,47,11,22,22
2,47,12,22,22
2,47,13,22,22
2,47,14,22,22
2,47,16,22,22
2,47,17,22,22
2,47,18,22,22
2,47,19,22,22
2,47,20,22,22
2,47,22,22,22
2,47,23,22,22
2,47,24,21.99,22
2,47,25,21.99,22
2,47,26,21.99,22
2,47,27,21.99,22
2,47,29,22,22
2,47,30,22,22
2,47,31,22,22
2,47,32,22,22
2,47,33,22,22
2,47,35,22,22
2,47,36,22,22
2,47,37,22,22
2,47,38,22,22
2,47,39,21.99,22
2,47,41,21.99,22
2,47,42,21.99,22
2,47,43,21.99,22
2,47,44,21.99,22
2,47,45,21.99,22
2,47,47,21.99,22
2,47,48,21.99,22
2,47,49,21.99,22
2,47,50,21.99,22
2,47,51,21.99,22
2,47,52,21.99,22
2,47,54,22,22
2,47,55,22,22
2,47,56,22,22
2,47,57,22,22
2,47,59,22,22
2,48,0,22,22
2,48,1,22,22
2,48,2,22,22
2,48,3,22,22
2,48,4,22,22
2,48,6,22,22
2,48,7,22,22
2,48,8,22,22
2,48,9,21.99,22
2,48,10,21.99,22
2,48,12,21.99,22
2,48,13,22,22
2,48,15,22,22
2,48,16,22,22
2,48,17,22,22
2,48,18,22,22
2,48,20,22,22
2,48,21,22,22
2,48,22,22,22
2,48,23,22,22
2,48,24,21.99,22
2,48,26,21.99,22
2,48,28,21.99,22
2,48,30,21.99,22
